{"score": 0.9805097451274363, "_timestamp": 1714636118.012341, "_runtime": 64661.84105396271, "_step": 62, "loss_tok2vec": 451.00222956646263, "loss_ner": 48.801873846425494, "ents_p": 0.9761194029850746, "ents_r": 0.9849397590361446, "ents_f": 0.9805097451274363, "ents_per_type": {"DIAG": {"p": 0.9761194029850746, "r": 0.9849397590361446, "f": 0.9805097451274363}}, "speed": 2324.223075725532, "_wandb": {"runtime": 64664}}